text;label;type;source;dataset
 Alors julie t'ai dégeulasse de sortir avec une gadji bande de salopes;1;homophobie;role_playing_game;cyberado
  nan mais boomer change de voc pd;1;homophobie;role_playing_game;cyberado
 arreter d'insulter se gros de Brice non je rigole;1;homophobie;role_playing_game;cyberado
 bon vous me dégouter les pd je me casse et allé vous faire soigner;1;homophobie;role_playing_game;cyberado
 c'est toi le pd mec;1;homophobie;role_playing_game;cyberado
 chienne que tes ont aimes pas les lesbienne ici;1;homophobie;role_playing_game;cyberado
 dégage de la pd;1;homophobie;role_playing_game;cyberado
 et toi tu sais que la vie c'est homme femme pas femme femme salope;1;homophobie;role_playing_game;cyberado
 eux ils sucent pas des grosses bites a longueur de journee;1;homophobie;role_playing_game;cyberado
 jules bz ta mere salle pd 100 e la photo je la suprilmes;1;homophobie;role_playing_game;cyberado
 juste que vous vous sentez obligé de revandiquer le fait que vous etes lesbiennes cest genant;1;homophobie;role_playing_game;cyberado
 mais cte folle elle a embrassé lucas pdt le voyazge;1;homophobie;role_playing_game;cyberado
 mais grave bande de lesbiennes vous degoutée aaaaah;1;homophobie;role_playing_game;cyberado
 mais olalala frr assume t'aime les ch*ttes mais tu dégoute meme anna elle le dit ;1;homophobie;role_playing_game;cyberado
 mais tu veut quoi toi retourne avec ta gadji et assume au passant que vous étent lesbiennes sa dégouteeee;1;homophobie;role_playing_game;cyberado
 nikez vos darons bande de pd;1;homophobie;role_playing_game;cyberado
 nn je suis pas pote avec les lesbiennes;1;homophobie;role_playing_game;cyberado
 non pd de gros biko;1;homophobie;role_playing_game;cyberado
 ooooow gros FDB je vais te niker tout tes mort wallah grosse suceuse de bite que tu suce . je te revoi a la lib je te descent avec un gros calibre sa mere ;1;homophobie;role_playing_game;cyberado
 oue oue ca va les pds;1;homophobie;role_playing_game;cyberado
 oui les garcons avec les filles pas filleet fille c degeulasse;1;homophobie;role_playing_game;cyberado
 pd de biko;1;homophobie;role_playing_game;cyberado
 ptdrrr grvvv et arthur ta channgé jte croyais pas comme sa quoi toiausssi tai pd;1;homophobie;role_playing_game;cyberado
 STOP LESBIENNES !!!!;1;homophobie;role_playing_game;cyberado
 t'as cru j'allais rester pote avec un pd;1;homophobie;role_playing_game;cyberado
 vazy on va lui faire sucer des grosses bites vu quil aime  faire sa;1;homophobie;role_playing_game;cyberado
 viens que jte niquer jules petit pd;1;homophobie;role_playing_game;cyberado
 Zemoour ce gros pd;1;homophobie;role_playing_game;cyberado
pd va;1;homophobie;role_playing_game;cyberado
   taimerai biezn etre suce hein adri tes bien seul ;1;homophobie;role_playing_game;cyberado
 vient on se voit en vrai je te tabasse toi et tout tes potes gays;1;homophobie;role_playing_game;cyberado
t'es un trans  avec tes poils;1;homophobie;role_playing_game;cyberado
 aucun gay ICI CA DEGAGE;1;homophobie;role_playing_game;cyberado
 bah déjà d'où t'aime les mecs c'est un virus donc va te faire soigner;1;homophobie;role_playing_game;cyberado
 bahaha aller va te prendre une queue dans le cul ca te decoincera;1;homophobie;role_playing_game;cyberado
 bahahaha gay refoulé;1;homophobie;role_playing_game;cyberado
 dieu il a nous a permit de nous reproduire mais pas entre meme sexe;1;homophobie;role_playing_game;cyberado
 e a de queue un trans travelo ;1;homophobie;role_playing_game;cyberado
 evite tuy passes pour un gay;1;homophobie;role_playing_game;cyberado
 je suis sur silvia tes trans;1;homophobie;role_playing_game;cyberado
 les gens qui soutiennent les gays vous etes bizzare;1;homophobie;role_playing_game;cyberado
 non reste je vais te demonte ta gueule qui suce des bites;1;homophobie;role_playing_game;cyberado
 normal quand on voit la tienne, toute blanche (euh pardon rouge sous le soleil)j'aurai honte moi;1;homophobie;role_playing_game;cyberado
 frère t'es gay et tu me parles;1;homophobie;role_playing_game;cyberado
 mais c vous qui respecter pas la nature a etre homo;1;homophobie;role_playing_game;cyberado
 mettez vous aux hommes c'est mieux;1;homophobie;role_playing_game;cyberado
 on va lui enfoncer une bite dans le cut ;1;homophobie;role_playing_game;cyberado
 pas mal l'education en mode ciseaux;1;homophobie;role_playing_game;cyberado
 Paul t'aime les chibre bien véneux tah les chibrax;1;homophobie;role_playing_game;cyberado
 pédale;1;homophobie;role_playing_game;cyberado
 pédale des qu on est triste on va pleuré chez papa pendant qu il se branle;1;homophobie;role_playing_game;cyberado
 que tu soit nazi ou gay c le meme niveau;1;homophobie;role_playing_game;cyberado
 retourne sucer des bite;1;homophobie;role_playing_game;cyberado
 sale gay;1;homophobie;role_playing_game;cyberado
 t'aimes les homme tu dégoute! vas te faire soigner;1;homophobie;role_playing_game;cyberado
 ah si t'inquiete pas j'ai pleins de choses à faire dans ma vie ferme la michel;1;injure;role_playing_game;cyberado
 aller tg;1;injure;role_playing_game;cyberado
 allo le viol c'est pas une blague grosse bouffonne,  va falloir avoir des valeurs un peu là un minimum;1;injure;role_playing_game;cyberado
 Au sale blanc d’extrémiste tu vas fermer ta grosse geule et tu vas supprimer la photo parce que gris jvzis enculé bêtement y’a mère;1;injure;role_playing_game;cyberado
 bien dit Diana ! tg;1;injure;role_playing_game;cyberado
 bon tg tu parles trop;1;injure;role_playing_game;cyberado
 C JUSTE ON EST PAS GROSEE PETASSE;1;injure;role_playing_game;cyberado
 cb tg toi friend tes mort;1;injure;role_playing_game;cyberado
 comme ta daronne la tchwin zebi tu me degoute gros crasseux que t va bouffer tes grosse bite ;1;injure;role_playing_game;cyberado
 DEHORSSSSS;1;injure;role_playing_game;cyberado
 donc ftg stp;1;injure;role_playing_game;cyberado
 et ftg friends;1;injure;role_playing_game;cyberado
 et quoi quand vous baisser ensemble tu demande a ta daronne de t'aider et ftg tu connais r a la vie ;1;injure;role_playing_game;cyberado
 fdp va niker ttes mort grosse kehba de bitch;1;injure;role_playing_game;cyberado
 ftg;1;injure;role_playing_game;cyberado
 ftg gros boufon;1;injure;role_playing_game;cyberado
 ftg sophia ;1;injure;role_playing_game;cyberado
 ftg toi même;1;injure;role_playing_game;cyberado
 ftg tu vas kiffer;1;injure;role_playing_game;cyberado
 grave vous me degouter;1;injure;role_playing_game;cyberado
 gros chien de la casse nique ton pere la salop qui fait le tapin sur les trotoire;1;injure;role_playing_game;cyberado
 gros ouf il ma dit et va niker tes mort aussi;1;injure;role_playing_game;cyberado
 grosse crasseuse ;1;injure;role_playing_game;cyberado
 GROSSE folle;1;injure;role_playing_game;cyberado
 grosse gamine ouèch;1;injure;role_playing_game;cyberado
 grosse merde;1;injure;role_playing_game;cyberado
 hebert tg toi;1;injure;role_playing_game;cyberado
 j'ai des seins vous êtes des grosses jalouse vous avez rien vous;1;injure;role_playing_game;cyberado
 je sais ou thabite fais  pas le maline brice ftg;1;injure;role_playing_game;cyberado
 jules ferme ta gueule assure;1;injure;role_playing_game;cyberado
 jules ftg;1;injure;role_playing_game;cyberado
 jules ftg toi;1;injure;role_playing_game;cyberado
 jules vien dans notre camp sinon j'vais te peter le fion;1;injure;role_playing_game;cyberado
 julie ftg;1;injure;role_playing_game;cyberado
 julie nva sucer tes grans mort;1;injure;role_playing_game;cyberado
 lisa tg stp;1;injure;role_playing_game;cyberado
 mais bordel tg herbert tu vois pas je lui parle;1;injure;role_playing_game;cyberado
 mais ftg;1;injure;role_playing_game;cyberado
 mais gros elle est dans sa classe allo elle a pas de respect pour elle, va sur les trottoirs c'est pareil;1;injure;role_playing_game;cyberado
 mais jules clochard gros cul de merde;1;injure;role_playing_game;cyberado
 mais tg enft clochard et wsh pas ouèch;1;injure;role_playing_game;cyberado
 mais tg toi on est Fat igué;1;injure;role_playing_game;cyberado
 maria tg;1;injure;role_playing_game;cyberado
 mdrr tg francois bien fait pour ta gueule;1;injure;role_playing_game;cyberado
 mdrrrr tg jules tu trahi la honda;1;injure;role_playing_game;cyberado
 mere teresa tg;1;injure;role_playing_game;cyberado
 michel que il est derriere son cula zoe donc ftg;1;injure;role_playing_game;cyberado
 michel tg;1;injure;role_playing_game;cyberado
 Moussa tg parce que tu vit grasse a mes impot;1;injure;role_playing_game;cyberado
 nicola ftg;1;injure;role_playing_game;cyberado
 non tg;1;injure;role_playing_game;cyberado
 oo tg pierre me fais pas chier jmen blc de ta vie franchement;1;injure;role_playing_game;cyberado
 ooo nicolas tg;1;injure;role_playing_game;cyberado
 oui c moi gros fdp;1;injure;role_playing_game;cyberado
 oui on ne casse rien on lui dit la verite elle est grosse;1;injure;role_playing_game;cyberado
 parle bien de la daronne gros fdp;1;injure;role_playing_game;cyberado
 pauline et pierre 2 grosses merdes qui parlent;1;injure;role_playing_game;cyberado
 paupau tg et l'autre autre kiss kiss;1;injure;role_playing_game;cyberado
 piste les mes grosses couilles;1;injure;role_playing_game;cyberado
 porte plainte grosse folle sa va te meler;1;injure;role_playing_game;cyberado
 ptddrrr tg pierre tu viens au foot apres?;1;injure;role_playing_game;cyberado
 repond fatiquer grosse tapette quer tes je te souleve grosse kehba ;1;injure;role_playing_game;cyberado
 silvia tg on a des preuvesx et destémoins;1;injure;role_playing_game;cyberado
 soyez intelligent Adrien tg;1;injure;role_playing_game;cyberado
 sylvia t vraiment la pire des grosses salope tu savait qu il été en couple est tu la embrassé ta aucun *e race ;1;injure;role_playing_game;cyberado
 teresa ftg va a l'eglise;1;injure;role_playing_game;cyberado
 teresa parle bien ftg;1;injure;role_playing_game;cyberado
 tg;1;injure;role_playing_game;cyberado
 tg  gros  ouf;1;injure;role_playing_game;cyberado
 tg brice nique  toi;1;injure;role_playing_game;cyberado
 tg Camille;1;injure;role_playing_game;cyberado
 tg Camille t'es une merde;1;injure;role_playing_game;cyberado
 tg elisa;1;injure;role_playing_game;cyberado
 tg jim;1;injure;role_playing_game;cyberado
 tg jules;1;injure;role_playing_game;cyberado
 tg jvais te cracher dessus;1;injure;role_playing_game;cyberado
 tg Soan t'es au meme niveau que ta pote crasseuse;1;injure;role_playing_game;cyberado
 tg t’as pas le droit a la parole Soan;1;injure;role_playing_game;cyberado
 tg tahan de merde;1;injure;role_playing_game;cyberado
 tg theo la veriter blaisse tu te sens mal;1;injure;role_playing_game;cyberado
 Tg Thérèsa ;1;injure;role_playing_game;cyberado
 tg toi;1;injure;role_playing_game;cyberado
 tg toi;1;injure;role_playing_game;cyberado
 tgg;1;injure;role_playing_game;cyberado
 theo ftg;1;injure;role_playing_game;cyberado
 theo ftg vrm tu sers à r;1;injure;role_playing_game;cyberado
 Ttg stp;1;injure;role_playing_game;cyberado
 tu parles a toi bête grosse conne t tebe;1;injure;role_playing_game;cyberado
 vasy tg jvai te faire manger le sol;1;injure;role_playing_game;cyberado
" vous etes de gros malades qui ne supportent pas les autres  c""est trop important de se respecter";1;injure;role_playing_game;cyberado
 wallah me degoute gros trdc ;1;injure;role_playing_game;cyberado
 wallah vien la lib grosse tapette;1;injure;role_playing_game;cyberado
 wsh tu parle pas comme ca je vais te dechire;1;injure;role_playing_game;cyberado
  masi vous etes qui fermer la;1;injure;role_playing_game;cyberado
 tu sais de quoi je parle salope;1;injure;role_playing_game;cyberado
 une sacree merde ;1;injure;role_playing_game;cyberado
 va baiser ta mere jules;1;injure;role_playing_game;cyberado
 va bouffer tes mort ké tu parle avec moi;1;injure;role_playing_game;cyberado
 va crever;1;injure;role_playing_game;cyberado
 va crevrr;1;injure;role_playing_game;cyberado
 va deterrer tes mort ;1;injure;role_playing_game;cyberado
 va doigter ta mere toi ;1;injure;role_playing_game;cyberado
 va la ba vien on ce mange un tete;1;injure;role_playing_game;cyberado
 va sucer tes profs;1;injure;role_playing_game;cyberado
 va te jeter;1;injure;role_playing_game;cyberado
 va te pendre;1;injure;role_playing_game;cyberado
 vas crevé en enfer ;1;injure;role_playing_game;cyberado
 vazy jette toi connard;1;injure;role_playing_game;cyberado
 vien te nike ta grand mere kehba;1;injure;role_playing_game;cyberado
 « +1 herbert » que tu suce;1;injure;role_playing_game;cyberado
 a part sucer jim d'autees talent ?;1;injure;role_playing_game;cyberado
 adrien parle mieux vraiment j’vais t’enculer respect la fdp;1;injure;role_playing_game;cyberado
 Adrien94  Tu n'as rie nd'autre a faire que de venir foutre la merde ici, tu as pas d'amis pour t'occuper ?;1;injure;role_playing_game;cyberado
 ah sayer zoé tu as tes potes pour te defendrent tu te sens fraiche et t'ouvres ta gueule;1;injure;role_playing_game;cyberado
 ahhh sayer zoe ouvre sa gueuele ahahah;1;injure;role_playing_game;cyberado
 aller niquez vos mere;1;injure;role_playing_game;cyberado
 allez casse vous un peu;1;injure;role_playing_game;cyberado
 allez diminue vos grossse bite cest mieux;1;injure;role_playing_game;cyberado
 allez fermez la;1;injure;role_playing_game;cyberado
 allez suce em;1;injure;role_playing_game;cyberado
 alors jvous bz tous;1;injure;role_playing_game;cyberado
 alors la con de ta mère;1;injure;role_playing_game;cyberado
 alors on ferme sa gueule;1;injure;role_playing_game;cyberado
 alors parle lui avant de croire adrien ce con;1;injure;role_playing_game;cyberado
 amine je vais te niquer tout tes mort;1;injure;role_playing_game;cyberado
 Amine: il te manque une claque dans la gueule;1;injure;role_playing_game;cyberado
 arthur t'es pas productif tu parles pour dire que de la merde;1;injure;role_playing_game;cyberado
 bah avec le sida c sur tu va crever vite silvia ??;1;injure;role_playing_game;cyberado
 bah moi je te dit ce que tu va faire tu va bien niker tes mort ;1;injure;role_playing_game;cyberado
 bah non  on baisse pas avec des animeaux;1;injure;role_playing_game;cyberado
 bah si toi Soan je vais t’enculer sale mms;1;injure;role_playing_game;cyberado
 bah va fist ton pere alors;1;injure;role_playing_game;cyberado
 bande de conne;1;injure;role_playing_game;cyberado
 bande de crasseuse;1;injure;role_playing_game;cyberado
 bande de crasseux meme arthur on va te degager de la classe ;1;injure;role_playing_game;cyberado
 bolosse;1;injure;role_playing_game;cyberado
 bon fatima on va te ntm tkt;1;injure;role_playing_game;cyberado
 brice suce ma bite;1;injure;role_playing_game;cyberado
 burk bande de chienne;1;injure;role_playing_game;cyberado
 bz ta mere;1;injure;role_playing_game;cyberado
 bz ta mere Yaniss;1;injure;role_playing_game;cyberado
 c pas normale ton truc fdp ;1;injure;role_playing_game;cyberado
 c un ouf lui on va le def;1;injure;role_playing_game;cyberado
 ça surcule avec tous les mecs qui ton dé glingué;1;injure;role_playing_game;cyberado
 Camille moi j'ai compris la vie, un homme une femme . rien de plus Camille ca degage;1;injure;role_playing_game;cyberado
 c'est ça ton excuse de merde?;1;injure;role_playing_game;cyberado
 c'est ta mere la chienne michel;1;injure;role_playing_game;cyberado
 c'est toi qui insultes abruti va;1;injure;role_playing_game;cyberado
 come sa personne et contaminer ptdr;1;injure;role_playing_game;cyberado
 connard ;1;injure;role_playing_game;cyberado
 contrairrement a vous salle conne;1;injure;role_playing_game;cyberado
 coralie elle a le sida;1;injure;role_playing_game;cyberado
 coralie et fatimah c'est des salopes;1;injure;role_playing_game;cyberado
 coralie ferme ta gueule toi aussi t'es une petasse;1;injure;role_playing_game;cyberado
 coralie j vais tellement t'neculer qu'on va retrouver du petrole dans ton cul enculer;1;injure;role_playing_game;cyberado
 donc va te faire soigner et vite;1;injure;role_playing_game;cyberado
 eh que moi aussi j'te vois et ferme ta bouche;1;injure;role_playing_game;cyberado
 Eh vzy 1v1 demain julie jv bz;1;injure;role_playing_game;cyberado
 elles ont cas pas s'afficher devant tout le monde c'est deguelasse;1;injure;role_playing_game;cyberado
 elles vont voir ce que c de ce faire peter le q;1;injure;role_playing_game;cyberado
 Ellian la merde ca sort du cul pas de la bouche;1;injure;role_playing_game;cyberado
 en faite tes vraiment une sap*lope silvia;1;injure;role_playing_game;cyberado
 en plus d'être en manque tu es un vampire?;1;injure;role_playing_game;cyberado
 enculé;1;injure;role_playing_game;cyberado
 ensuite tu es juste trop conne de croire ce teubé ;1;injure;role_playing_game;cyberado
 et  elle ten merde niker vos grand mere;1;injure;role_playing_game;cyberado
 je suis espagnol pardon de ne pas tout savoir connasse ;1;injure;role_playing_game;cyberado
 Les ptitrs connes on va se calmer parce qu'à part m'insulter sur mon physique vous savez rien faire;1;injure;role_playing_game;cyberado
 et elle ose ouvrir sa bouche de suceuse;1;injure;role_playing_game;cyberado
 Et Fatimah-Victime elle retourne dans son harem c'est ça ?;1;injure;role_playing_game;cyberado
 et laisse silvia et lucas faire leur vie mais bz ta mère;1;injure;role_playing_game;cyberado
 et petit con;1;injure;role_playing_game;cyberado
 et ta mère !;1;injure;role_playing_game;cyberado
 Et toi Sohpie tu es bien conne de croire tout ce qu'on te raconte;1;injure;role_playing_game;cyberado
 et toi ta vu ta gueule;1;injure;role_playing_game;cyberado
 et toi tu pu...;1;injure;role_playing_game;cyberado
 et wallah ta 10 ans zebiiii;1;injure;role_playing_game;cyberado
 et wee hein bien sur wallah au lieux de parler pour rien fdp;1;injure;role_playing_game;cyberado
 fatima arrete la mascarade on sait que toi t'es un autre delire toi tu fais la manche devant frr;1;injure;role_playing_game;cyberado
 fdp;1;injure;role_playing_game;cyberado
 ferme la;1;injure;role_playing_game;cyberado
 ferme la Brice;1;injure;role_playing_game;cyberado
 ferme ta gueule demande a ta mere il est pas si petit;1;injure;role_playing_game;cyberado
 ferme ta gueule jvais te faire bouffer ma bite;1;injure;role_playing_game;cyberado
 ferme ta gueule soan avec tes questions philosophiques à la con;1;injure;role_playing_game;cyberado
 ferme ton fiac on arrive pas a s'entendre;1;injure;role_playing_game;cyberado
 fermez vos gueules un peu;1;injure;role_playing_game;cyberado
 franchement tu devrais aller voire un médecin ;1;injure;role_playing_game;cyberado
 grave pas de crasseuse;1;injure;role_playing_game;cyberado
 hebert je vais te faire;1;injure;role_playing_game;cyberado
 hebert je vais te niquer on se fait un tete ?;1;injure;role_playing_game;cyberado
 herbert ta gueule stp;1;injure;role_playing_game;cyberado
 il etait pas d'accord avec les pédales non plus;1;injure;role_playing_game;cyberado
 il faut que tu t'entraine a sucer les profs pour rammener les bonnes notes;1;injure;role_playing_game;cyberado
 il pourra enculé ta mere la squellette;1;injure;role_playing_game;cyberado
 il se suce la bite entre eux ;1;injure;role_playing_game;cyberado
 ils ont mal au cul trnql;1;injure;role_playing_game;cyberado
 j'ai pas changer jte pisse juste dessus frr;1;injure;role_playing_game;cyberado
 j'ai vu le cul de ta soeur;1;injure;role_playing_game;cyberado
 je suis en train de te parler débile;1;injure;role_playing_game;cyberado
 Je te casse la bouche tu parleras plus jamais;1;injure;role_playing_game;cyberado
 je te crache dessus connard;1;injure;role_playing_game;cyberado
 Je v vs boter le cul;1;injure;role_playing_game;cyberado
 JE VAIS TE BRISER TES OS BOIRE TON SANG SALOPE;1;injure;role_playing_game;cyberado
 Je vais te defigurer ;1;injure;role_playing_game;cyberado
 je vais te niker tt tes mort toi ta daronne ton daron et ton fdp de Jimmy le gwer;1;injure;role_playing_game;cyberado
 je vais te retourner le trou de balle c’est tout ce qu’on vas faire;1;injure;role_playing_game;cyberado
 jim baiz tes mortd;1;injure;role_playing_game;cyberado
 Jim: fais gaffe à ton cul alors,  je pourrais peut etre sauter sur toi..;1;injure;role_playing_game;cyberado
" jimmy aucupe toi de ton cue que paul encule ;)";1;injure;role_playing_game;cyberado
 jje t'emmerde.;1;injure;role_playing_game;cyberado
 jmange ta mere surtout;1;injure;role_playing_game;cyberado
 jore ton pere le chauve;1;injure;role_playing_game;cyberado
 jules lvdm jvais tencule;1;injure;role_playing_game;cyberado
 jules toi aussi tu pue la merde;1;injure;role_playing_game;cyberado
 j'vais briser ton cul  comme ca </3;1;injure;role_playing_game;cyberado
 jvais te faire la guerre;1;injure;role_playing_game;cyberado
 jvais te peter les fchevilles t'entends;1;injure;role_playing_game;cyberado
 jvais te soulever;1;injure;role_playing_game;cyberado
 kehba de bitch;1;injure;role_playing_game;cyberado
 kehba de merde;1;injure;role_playing_game;cyberado
 la con de tes motrs;1;injure;role_playing_game;cyberado
 la daronne a Amine au cachaut hehe;1;injure;role_playing_game;cyberado
 la daronne a amine en levrette;1;injure;role_playing_game;cyberado
" la merde ca sort par le cul et pas par la bouche leo77 et Paul72 ;P";1;injure;role_playing_game;cyberado
 la pauline on voyait son cul et elle vient m harceler apres la;1;injure;role_playing_game;cyberado
 La triz qui traite les autres de teube;1;injure;role_playing_game;cyberado
 laisser silivia tranquille avant je vous encule bande de cave;1;injure;role_playing_game;cyberado
 le seul truc que jv enflammer c'est tes morts;1;injure;role_playing_game;cyberado
 le traite pas de puceau y ta bz dans les chiotte;1;injure;role_playing_game;cyberado
 Leo et Paul, vous n'êtes que des diarrhées verbales !;1;injure;role_playing_game;cyberado
 Les flics c des merdes il nous retrouveront jamais je suis sous VPN MDRRRRRR;1;injure;role_playing_game;cyberado
 ls trous de ta mere;1;injure;role_playing_game;cyberado
 lucas etait en couple et toi tu est tjr la tu fou la merde en plus tu savai;1;injure;role_playing_game;cyberado
 lucas jmen balek il a qu'a rester avec sa sophie c'est elle qui est moche;1;injure;role_playing_game;cyberado
 mais c'est toi la bouffone nn mais je reve;1;injure;role_playing_game;cyberado
 mais ferme la ta  vu ta gueule;1;injure;role_playing_game;cyberado
 Mais ferme ta gueule;1;injure;role_playing_game;cyberado
 mais ferme ta gueule ?;1;injure;role_playing_game;cyberado
 mais jules je vais te dechirer noublie pas je venu chez toi;1;injure;role_playing_game;cyberado
 mais jvais serre bande de trdc;1;injure;role_playing_game;cyberado
 mais Lucas il pue la merde sérieux;1;injure;role_playing_game;cyberado
 mais michel frere tas vu ton prénom pour commenc&é;1;injure;role_playing_game;cyberado
 mais quelle merde;1;injure;role_playing_game;cyberado
 mais ta gueule putain tu boites tellement tu te fais défoncer;1;injure;role_playing_game;cyberado
 Mais ta race toi putain;1;injure;role_playing_game;cyberado
 mais vous allez trop loin,  vous dites n'importes quoi alors vous méritez les deux connasses;1;injure;role_playing_game;cyberado
 Martine tu fermes ta bouche;1;injure;role_playing_game;cyberado
 martinz la connasse;1;injure;role_playing_game;cyberado
 mdr  tu ma bien tuer mais ca va comment les séances de réducation ? tarrive a remarcher ??;1;injure;role_playing_game;cyberado
 mdrrr cest toi le petit puceau fragile qui parle;1;injure;role_playing_game;cyberado
 mellez-vous de votre cul;1;injure;role_playing_game;cyberado
 même une aveugle cul de jatte serait pas excitée par toi;1;injure;role_playing_game;cyberado
 mes les toi ou je pense tes screen;1;injure;role_playing_game;cyberado
 MOI JVOUS BZ MOI;1;injure;role_playing_game;cyberado
 moi silvia on est les plus belle bande de fdp;1;injure;role_playing_game;cyberado
 Mon poing dans ta gueule va etre tout aussi drole Théo;1;injure;role_playing_game;cyberado
 nan mais francois tu nous dira ce que ca fait d'etre une petite merde comme ca hein;1;injure;role_playing_game;cyberado
 nike ta mere connard;1;injure;role_playing_game;cyberado
 non avec toi on perd jamais notre temps sale boufon;1;injure;role_playing_game;cyberado
 non bz t morts david;1;injure;role_playing_game;cyberado
 ntm tu c pa ekrire;1;injure;role_playing_game;cyberado
 occupe toi de ton cul;1;injure;role_playing_game;cyberado
 oe pure merde;1;injure;role_playing_game;cyberado
 ohh vos mere les salope;1;injure;role_playing_game;cyberado
 ohhhh viens essaie mon cul il s'ouvre pas pour toi dsl;1;injure;role_playing_game;cyberado
 on arrete rien du tout pk elle assume pas cette salopeee ;1;injure;role_playing_game;cyberado
 on devrais l'emener dans un hopital c mieux ;1;injure;role_playing_game;cyberado
 on est content pour toi mais juste ferme la;1;injure;role_playing_game;cyberado
 on est purs nous;1;injure;role_playing_game;cyberado
 on les merdes comme vous ya pas a vous respecter;1;injure;role_playing_game;cyberado
 on lui faire sucer des bite;1;injure;role_playing_game;cyberado
 on va devoir te coudre la bouche;1;injure;role_playing_game;cyberado
 on va pas arreter c que le debut on va t'harceler toute la vie on va venir devant chez toi on va te bz;1;injure;role_playing_game;cyberado
 on va pas de sa iciiiii merde;1;injure;role_playing_game;cyberado
 on va te faire tournee dans tout le quartier;1;injure;role_playing_game;cyberado
 on va te mmeler;1;injure;role_playing_game;cyberado
 on va te prendre en moulant ;1;injure;role_playing_game;cyberado
 on veut pas de sa ici;0;injure;role_playing_game;cyberado
 On vit sur la côte d'Azur espèce de teubé;1;injure;role_playing_game;cyberado
 OOOHHH JVAI TOUS VS NIKEZ STOP JAW;1;injure;role_playing_game;cyberado
 ou je vais t’attraper aussi;1;injure;role_playing_game;cyberado
 ou ou ou je m'appel Paul j'aime les bite;1;injure;role_playing_game;cyberado
 Oui as part moi connard MDR;1;injure;role_playing_game;cyberado
 oyé tous repostez en story les photos de la negre;1;injure;role_playing_game;cyberado
 pas besoin pour savoir que ta tt les mst de la tere;1;injure;role_playing_game;cyberado
 PAS HOMME HOMME;1;injure;role_playing_game;cyberado
 personne te la suce la tienne;1;injure;role_playing_game;cyberado
 petasse...;1;injure;role_playing_game;cyberado
 petite bite;1;injure;role_playing_game;cyberado
 pierre ca te fais pas kiffer de voir ce genre de petites merdes pleurer ;1;injure;role_playing_game;cyberado
 plus que toi en tant que chien de Sophie;1;injure;role_playing_game;cyberado
 ptdrrrr commee ta mere l'andicape;1;injure;role_playing_game;cyberado
 ptdrrrr punshline éclatées cousine oula non pas cousine esclave;1;injure;role_playing_game;cyberado
 ptn de triso;1;injure;role_playing_game;cyberado
 ptn mais t'es né d'un gangbang ou quoi;1;injure;role_playing_game;cyberado
 putain t vmt conne;1;injure;role_playing_game;cyberado
 quand tu fermeras ta gueule;1;injure;role_playing_game;cyberado
 quelle photo povr merde;1;injure;role_playing_game;cyberado
 questuveux toi ferme la ;1;injure;role_playing_game;cyberado
 rentre chez toi tu sers a r vrmt degage;1;injure;role_playing_game;cyberado
 retourne te faire enculer par un singe;1;injure;role_playing_game;cyberado
 retournez dans votre ferme traire vos meres;1;injure;role_playing_game;cyberado
 retournez sucer lucas et sophie;1;injure;role_playing_game;cyberado
 sa ma dit que tu suce bien en plus avec la video qui a tourner fdp;1;injure;role_playing_game;cyberado
 sale boufonne parle mieux;1;injure;role_playing_game;cyberado
 sale chien;1;injure;role_playing_game;cyberado
 Sale mouton Diana;1;injure;role_playing_game;cyberado
 sale trdc perdu;1;injure;role_playing_game;cyberado
 salope;1;injure;role_playing_game;cyberado
 salope ;1;injure;role_playing_game;cyberado
 salope ! tu t vu ?;1;injure;role_playing_game;cyberado
 saloperie;1;injure;role_playing_game;cyberado
 Salut les cons!;1;injure;role_playing_game;cyberado
 si je sert a regler vos problemes de merde;1;injure;role_playing_game;cyberado
 Si le savoir est une arme et bas bz ta mère;1;injure;role_playing_game;cyberado
 silvia on va debarquer chez toi tu vas voir;1;injure;role_playing_game;cyberado
 silvia t'es morte.;1;injure;role_playing_game;cyberado
 Sophie doit aller s'acheter un cerveau;1;injure;role_playing_game;cyberado
 Sophie tu devrais t'occuper d'Adrien il en peut plus d'agiter la queue$;1;injure;role_playing_game;cyberado
 suce ma bite jules;1;injure;role_playing_game;cyberado
 suce moi;1;injure;role_playing_game;cyberado
 suicide toi brice et fais nous un tuto quand tu va te pendre;1;injure;role_playing_game;cyberado
 t conne;1;injure;role_playing_game;cyberado
 T mort;1;injure;role_playing_game;cyberado
 ta gueule tu defends une salope;1;injure;role_playing_game;cyberado
 ta mere la brochettes;1;injure;role_playing_game;cyberado
 ta mere la reine des salope ;1;injure;role_playing_game;cyberado
 ta mere me suce les couille Brice;1;injure;role_playing_game;cyberado
 t'aime les bites de noir fait pas genre;1;injure;role_playing_game;cyberado
 t'as cas crever;1;injure;role_playing_game;cyberado
 T'as enfin fermé ta gueule?;1;injure;role_playing_game;cyberado
 t'as rien à dire sous merde;1;injure;role_playing_game;cyberado
 tbrice tu es une merde;1;injure;role_playing_game;cyberado
 Techniquement le sac à MST c'est pas moi...;1;injure;role_playing_game;cyberado
 teresa fais comme fatima ferme la;1;injure;role_playing_game;cyberado
 t'es blanche comme un cul tyu crois t'es mieux julie ?;1;injure;role_playing_game;cyberado
 t'es nul enfaite;1;injure;role_playing_game;cyberado
 tes une autoroute ;1;injure;role_playing_game;cyberado
 t'est un pue la pisse Brice;1;injure;role_playing_game;cyberado
 teubé va;1;injure;role_playing_game;cyberado
 theo le justicier de merde mddrr;1;injure;role_playing_game;cyberado
 theo on va te meler aussi;1;injure;role_playing_game;cyberado
 theo: fais gaffe a ton cul;1;injure;role_playing_game;cyberado
 tinsulte pas mon pays connasse;1;injure;role_playing_game;cyberado
 tkktt on t'attendra a 2 on te ntm;1;injure;role_playing_game;cyberado
 toi aussi je te mange;1;injure;role_playing_game;cyberado
 toi dans la tete dans des teub;1;injure;role_playing_game;cyberado
 toi eclater apr contre;1;injure;role_playing_game;cyberado
 toi ta gueule;1;injure;role_playing_game;cyberado
 toi ta mere c satan ;1;injure;role_playing_game;cyberado
 ton manque d'intelligence c pire que tout;1;injure;role_playing_game;cyberado
 ton père plein de mst il met autre chose dans des trous;1;injure;role_playing_game;cyberado
 tout le monde a vu ton cul;1;injure;role_playing_game;cyberado
 TRD PERDU WLH ATT QUE JTE VOIE;1;injure;role_playing_game;cyberado
 tu casse les couilles;1;injure;role_playing_game;cyberado
 tu es de son côté alors qu'elle traine son cul sale partout ou ya des mecs ;1;injure;role_playing_game;cyberado
 tu fais pitié sérieux;1;injure;role_playing_game;cyberado
 tu fais pitie sophie  si ton mec te veux plus bah tu degage ;1;injure;role_playing_game;cyberado
 tu m'étonnes que vous l'avez vue,  c'est vous qu'il l'avez prises connasses;1;injure;role_playing_game;cyberado
 tu nike ta mere plutot et encore;1;injure;role_playing_game;cyberado
 tu peux bien aller te faire foutre;1;injure;role_playing_game;cyberado
 TU PEUX SAUTER FRANCOIS FAIS TOI PLAISIR;1;injure;role_playing_game;cyberado
 tu prend les mec des autres, on a toujours su que t'etais une connasse;1;injure;role_playing_game;cyberado
 Tu pues la merde ;1;injure;role_playing_game;cyberado
 tu respect même pas ta relion t'es une szlope;1;injure;role_playing_game;cyberado
 tu suis le chemin de ta mère là;1;injure;role_playing_game;cyberado
 tu t'es suicidé;1;injure;role_playing_game;cyberado
 tu va repartir en boiten;1;injure;role_playing_game;cyberado
" tu va rien faire sal;e folle";1;injure;role_playing_game;cyberado
 tu vas contaminer tout le monde paul !!!!!!!;1;injure;role_playing_game;cyberado
 tu veux que je t'explose ta gueule ou quoi?;1;injure;role_playing_game;cyberado
 Tu veux quoi SALOPE  en faite t es passer sur tout paname donc parle pas;1;injure;role_playing_game;cyberado
 vas te faire sequestrer avec ta petite bite Brice;1;injure;role_playing_game;cyberado
 vazi je viens avec toi on va le défoncer  ;1;injure;role_playing_game;cyberado
 vous êtes des merdes à la défendre tous;1;injure;role_playing_game;cyberado
 vous etes qu'une bande de con ceux qui respectent r;1;injure;role_playing_game;cyberado
 vous puez de la shnek bande de crasseuse;1;injure;role_playing_game;cyberado
 vu ton esprit de déduction merdique Sophie;1;injure;role_playing_game;cyberado
 woow tu fait meme beuger la co ;1;injure;role_playing_game;cyberado
 y'a l'odeur aussi;1;injure;role_playing_game;cyberado
 zoé t'emmerde;1;injure;role_playing_game;cyberado
Brice nique ta race;1;injure;role_playing_game;cyberado
 jvais briser ses os et boire son sang;1;injure;role_playing_game;cyberado
 ALLEZ MANIFESTE TOI GROS PORCS;1;physique;role_playing_game;cyberado
 amine baleine*;1;physique;role_playing_game;cyberado
 assume que t'aime les filles c tout connasse;1;physique;role_playing_game;cyberado
 bah la mere d'une grosse moche doit etre grosse moche;1;physique;role_playing_game;cyberado
 beh oui elle est venu nous parler elle cherche la merde cette grosse ;1;physique;role_playing_game;cyberado
 Brice t'est telment gros que si on te pousse tu roule;1;physique;role_playing_game;cyberado
 c sur que ecraser des personnes ca doit etre facile pour toi vue que yu pese 1 tonne;1;physique;role_playing_game;cyberado
 ce n'est pas de ca faute d'avoir des grosses cuisses;1;physique;role_playing_game;cyberado
 donc il kif les grosses moches;1;physique;role_playing_game;cyberado
 d'ou tu me parle? faudrait deja que tu perde 100 kg avant de me donner des ordres la grosse;1;physique;role_playing_game;cyberado
 et oh baleine bleu;1;physique;role_playing_game;cyberado
 et pour aimer ton cul faurdrait etre aveugle la grosse;1;physique;role_playing_game;cyberado
 Et ta mere elle peut courir 2sec aussi sans etre essoufles?;1;physique;role_playing_game;cyberado
 FAT = grosse;1;physique;role_playing_game;cyberado
 fatimah elle est 20fois plus grosse qu'elle;1;physique;role_playing_game;cyberado
 ftg sale gros;1;physique;role_playing_game;cyberado
 hey! tu m'parle autrement la grosse!;1;physique;role_playing_game;cyberado
 il a des grosses cuisses Moussa;1;physique;role_playing_game;cyberado
 il aime surtout les grosse;1;physique;role_playing_game;cyberado
 il est grosse c'est pas francais commence par aller revoir tes cours ensuite vient critiqué les autre;1;physique;role_playing_game;cyberado
 IL EST OU LE GROS LARD;1;physique;role_playing_game;cyberado
 jamais brice le gros lard;1;physique;role_playing_game;cyberado
 je comprend meme pas pq il t’as embrasse sophi est pas grosse au moins;1;physique;role_playing_game;cyberado
 la grosse c'est toi;1;physique;role_playing_game;cyberado
 Les conneries d'Adrien sont aussi grosses que lui;1;physique;role_playing_game;cyberado
 moi j'en ai rien à foutre de ton débile de gros laid;1;physique;role_playing_game;cyberado
 moussa dis nous tes qui toi aussi tes une baleine ? tu flotte dans l'eau;1;physique;role_playing_game;cyberado
 non ne serai jamais jaloux d’elle elle est grosse;1;physique;role_playing_game;cyberado
 non on arrete pas:') :') :') :') il est grosse;1;physique;role_playing_game;cyberado
 nouvelle bombe atomique;1;physique;role_playing_game;cyberado
 on fait ce qu'on veut grosse chienne;1;physique;role_playing_game;cyberado
 OUE GROSPORC;1;physique;role_playing_game;cyberado
 parce que elle est trop grosse pour rentrer dans ta boche;1;physique;role_playing_game;cyberado
 ptdrrr alors si une grosse boule;1;physique;role_playing_game;cyberado
 qestu parles grosse folle c'est toi l'obèse donc c'est toi qui roule;1;physique;role_playing_game;cyberado
 quoi sale grosse;1;physique;role_playing_game;cyberado
 sale grosse;1;physique;role_playing_game;cyberado
 Salut la grosse,  j'espere que la photo t'as plu;1;physique;role_playing_game;cyberado
 soit contente la grosse;1;physique;role_playing_game;cyberado
 t grosse tu bouffe que des macdo;1;physique;role_playing_game;cyberado
 t'aime les mecs donc t'aime les grosse;1;physique;role_playing_game;cyberado
 TES TELLEMENT GROS QUE QUAND TU PASSE DEVANT LE SOLEIL TOUT LE MONDE CRIS ECLIPSE!!!!!!!!;1;physique;role_playing_game;cyberado
 Theresa :quitte a etre une baleine;1;physique;role_playing_game;cyberado
 tu sais nager fat ?N;1;physique;role_playing_game;cyberado
 Tu vois je me pose une question Zoé comment tu fais pour t'acceepter accepter d'être aussi grosse;1;physique;role_playing_game;cyberado
 uhm regarde ce que je vois c'est Moussa au grosse cuisses;1;physique;role_playing_game;cyberado
 vas courir gros phoque retourne dans l'eau;1;physique;role_playing_game;cyberado
 ZOE EST GROSSE;1;physique;role_playing_game;cyberado
 Zoé t'es qu'une merde et  tu resteras toujours une merde une grosse une boulette;1;physique;role_playing_game;cyberado
 twerke de la graisse;1;physique;role_playing_game;cyberado
 un petit porc mdrrr bien trouver les deux bouffones elles t'emmerdent;1;physique;role_playing_game;cyberado
 va retourner manger macdo avec tes 3 menu signature;1;physique;role_playing_game;cyberado
 va te faire enculer sale rousse;1;physique;role_playing_game;cyberado
 arrete de faire la mskn Brice assume ta ptite bite;1;physique;role_playing_game;cyberado
 arrete si brice mange plus il vas exploser;1;physique;role_playing_game;cyberado
 bah au moins elle est pas plate comme vous bande de conne;1;physique;role_playing_game;cyberado
 bien dit zoé rouller aplati le;1;physique;role_playing_game;cyberado
 brice jvais te perce le ventre tu va voir ballons de bodruche ah;1;physique;role_playing_game;cyberado
 brice le cachalot;1;physique;role_playing_game;cyberado
 brice si taurai était aussi fort a lécole que dans la muscu tu ressemblerai pas a king kong;1;physique;role_playing_game;cyberado
 brique de lait va baiser tes morts;1;physique;role_playing_game;cyberado
 cava bouboule ?;1;physique;role_playing_game;cyberado
 c'est toi le bourlet lucie;1;physique;role_playing_game;cyberado
 coralie c'est une obese qui baise;1;physique;role_playing_game;cyberado
 déjà faudrait que tu roules jusqu'à moi;1;physique;role_playing_game;cyberado
 espece de boule je te pousse tu roule;1;physique;role_playing_game;cyberado
 Et comment tu vas t'y prendre l'obèse ?;1;physique;role_playing_game;cyberado
 Fatigras;1;physique;role_playing_game;cyberado
 fatimah son vagin il sens le cochon,;1;physique;role_playing_game;cyberado
 il est ou le mamouth;1;physique;role_playing_game;cyberado
 il va carrément rebondir sur lui ;1;physique;role_playing_game;cyberado
 mdrr c clair l odeur infecte;1;physique;role_playing_game;cyberado
 mec quand tu sautes tu provoques un séisme sur toute la terre;1;physique;role_playing_game;cyberado
 jalouse de tya peau mi jaune mi marron;1;physique;role_playing_game;cyberado
 laisse-moi vivre ou je t'écrase;1;physique;role_playing_game;cyberado
 mais cest une sale jalouse elle a rien a faire de sa vie et ta peau blanche a toi;1;physique;role_playing_game;cyberado
 natacha elle va mourir si tu lui roulle dessus t'as t'es 3 ptit klebs;1;physique;role_playing_game;cyberado
 oh ptn elle vas me rouler dessus je vais câner;1;physique;role_playing_game;cyberado
 paul et leo vous etes vraiment fatiguant c'est aberrant avec vos tete de teub;1;physique;role_playing_game;cyberado
 t'es obese;1;physique;role_playing_game;cyberado
 t'es plate comme une planche de surf et tu fais la foplle avec mloi;1;physique;role_playing_game;cyberado
 toi tu peux déjà plus vu l'état de tes vieilles dents;1;physique;role_playing_game;cyberado
 toi tu ressemble a un anus perimé ;1;physique;role_playing_game;cyberado
 ton  corps il contient 90% de tartiflette sale chien;1;physique;role_playing_game;cyberado
 ton vieux nombril;1;physique;role_playing_game;cyberado
 tss tss la balaine;1;physique;role_playing_game;cyberado
 tu pouvais juste ne pas l'embrasser c'est ta faute boulette ;1;physique;role_playing_game;cyberado
 tu ressemble a mon anus;1;physique;role_playing_game;cyberado
 tu va faire quoi avec ton pti corp t solo ta pas dami;1;physique;role_playing_game;cyberado
 vaut mieux être un boulette baisable qu'un bâton frigide;1;physique;role_playing_game;cyberado
 belle équipe deux arabe qui pue le kouskous et un gros qui mange as ses doigt;1;racisme;role_playing_game;cyberado
 fatimah pas très francais;1;racisme;role_playing_game;cyberado
 mais silvia t'es vraiment une grosse sous race en ft;1;racisme;role_playing_game;cyberado
 manges du couscous;1;racisme;role_playing_game;cyberado
 oh Soan sale bougnoule ftg;1;racisme;role_playing_game;cyberado
 tg avec ta tete d'immigré;1;racisme;role_playing_game;cyberado
 tg rentre chez toi;1;racisme;role_playing_game;cyberado
 va la mosquée grosse folle;1;racisme;role_playing_game;cyberado
 *retourne manger tes bananes;1;racisme;role_playing_game;cyberado
 2v2 chaud pour vous renvoyer cgez vous chez;1;racisme;role_playing_game;cyberado
 tu sais ce qui separe les animaux des humains ? la mer méditerranné;1;racisme;role_playing_game;cyberado
 une vraie babtou;1;racisme;role_playing_game;cyberado
 va bouffer ton couscous;1;racisme;role_playing_game;cyberado
 va retourner voler des montres;1;racisme;role_playing_game;cyberado
 adolphe c'est tromper de race;1;racisme;role_playing_game;cyberado
 amine retourne dans ton pays;1;racisme;role_playing_game;cyberado
 avec d'autres qui n'aiment pas les arabes comme toi;1;racisme;role_playing_game;cyberado
 avec ton accent la;1;racisme;role_playing_game;cyberado
 avec vos habits du bled la cassez vous;1;racisme;role_playing_game;cyberado
 bah la le serbe a voler le mec de quelqu’un en l’cccurence;1;racisme;role_playing_game;cyberado
 bah quoi? l'étrangère a un pb?;1;racisme;role_playing_game;cyberado
 Bah retourne faire ta vie en Algérie stp;1;racisme;role_playing_game;cyberado
 bon fatima retourne dans ton pays et casse pas les couilles;1;racisme;role_playing_game;cyberado
 bougnoule !!;1;racisme;role_playing_game;cyberado
 bz ta mere sale arabe;1;racisme;role_playing_game;cyberado
 ces putain de serbes de merdes;1;racisme;role_playing_game;cyberado
 cest fdp de racistes zemmourriens;1;racisme;role_playing_game;cyberado
 c'est pas dans son pays qu'elle en aura :') :');1;racisme;role_playing_game;cyberado
 c'est pas l'habille qui fais le moine c'est l'arabe qui mange pas;1;racisme;role_playing_game;cyberado
 c'est ta mere la sale noir de tabira;1;racisme;role_playing_game;cyberado
 c'est toi la moche sale serbe de mes couilles;1;racisme;role_playing_game;cyberado
 c'est toi le singe;1;racisme;role_playing_game;cyberado
 c'est toi rentre dans ton pays d'homophobes Ellian;1;racisme;role_playing_game;cyberado
 comment une étrangère peut etre plus intellignet que moi;1;racisme;role_playing_game;cyberado
 de la même couleur ça vous fait un point commun;1;racisme;role_playing_game;cyberado
 Deux qui pauivre merde?;1;racisme;role_playing_game;cyberado
 en plus tes la tu vien de serbi;1;racisme;role_playing_game;cyberado
 enculer de merde j'espere que zemmour passe;1;racisme;role_playing_game;cyberado
 fatou t'es pas francaise;1;racisme;role_playing_game;cyberado
 faut doser sur le couscous;1;racisme;role_playing_game;cyberado
 hitler a vise les mauvais;1;racisme;role_playing_game;cyberado
 hitler c'est trompé de communauté;1;racisme;role_playing_game;cyberado
 Hitler il était pas si mauvais il s'est juste tromper de cible;1;racisme;role_playing_game;cyberado
 ho ca sens le kouskous;1;racisme;role_playing_game;cyberado
 IL AURAIT DU T'EXTERMINER !;1;racisme;role_playing_game;cyberado
 javoue tu sais pas tu parle meme pas francais;1;racisme;role_playing_game;cyberado
 je vais te renvoyer dans ta tribue;1;racisme;role_playing_game;cyberado
 JVAI GAZER TOUTES TA DESCENDENCE;1;racisme;role_playing_game;cyberado
 les arabes toujours la pour des sous;1;racisme;role_playing_game;cyberado
 les blancs vont pas en enfer;1;racisme;role_playing_game;cyberado
 les etranger dans l'avion;1;racisme;role_playing_game;cyberado
 Lucas c'est mon meilleur je le connais tu lui a promis des nudes c'est pour ca quil ta embrassé il sortirait jamais avec une serbe et moche en plus;1;racisme;role_playing_game;cyberado
 mdrrr sale' serbe retourne dans ton pays;1;racisme;role_playing_game;cyberado
 MOUSSA JE VAIS VENIR EN BAS DE CHEZ TOI TU VA VOIR QUI VA PLUS PARLER SALE MIGRANS DE MERDE;1;racisme;role_playing_game;cyberado
 Moussa sale arabe;1;racisme;role_playing_game;cyberado
 nikomok;1;racisme;role_playing_game;cyberado
 nique les arabes;1;racisme;role_playing_game;cyberado
 nique les bougnoules;1;racisme;role_playing_game;cyberado
 niquez vos mères en Serbie;1;racisme;role_playing_game;cyberado
 normal un singe ça bouffe des teub;1;racisme;role_playing_game;cyberado
 oe en auschwitz et il suce hitler;1;racisme;role_playing_game;cyberado
 ohh bande d'arabe la;1;racisme;role_playing_game;cyberado
 on va s'en sortir triomphant on va expulser tous les arabes comme toi;1;racisme;role_playing_game;cyberado
 et toi Diana avec ta gueule de macaque de quoi tu parles?;1;racisme;role_playing_game;cyberado
 grave je suis d'accord direction les camps de concentration;1;racisme;role_playing_game;cyberado
 hey toi tut'la ferme l'étrazngère! retourne dans ton pays de merde;1;racisme;role_playing_game;cyberado
 mais ton pere le ptn de serbe;1;racisme;role_playing_game;cyberado
 moi c mon pays o moinh;1;racisme;role_playing_game;cyberado
 Moussa ta ton pasport?;1;racisme;role_playing_game;cyberado
 on va te faire manger du saucisson;1;racisme;role_playing_game;cyberado
 retourne au Kosovo et vient pas faire chier;1;racisme;role_playing_game;cyberado
 retourne en algerie;1;racisme;role_playing_game;cyberado
 retourne en serbie et il y aura plus de probleme fdp;1;racisme;role_playing_game;cyberado
 sale arabde de merde Moussa;1;racisme;role_playing_game;cyberado
 sale arabe;1;racisme;role_playing_game;cyberado
 salle arabe *;1;racisme;role_playing_game;cyberado
 t dans notre pays et tu parle;1;racisme;role_playing_game;cyberado
 t'as déjà vu un noir d'en l'eau il coule;1;racisme;role_playing_game;cyberado
 t'as sucé pour passer la frontière ?;1;racisme;role_playing_game;cyberado
 teresa tu parles de culture mais chez toi y'a même pas accès à l'eau alors à l'ecole........ et ça se fait ressentir;1;racisme;role_playing_game;cyberado
 theo arrete de defendre vrm on dirait que t'es pas francais;1;racisme;role_playing_game;cyberado
 vas apprendre la langue de ton pays déjà;1;racisme;role_playing_game;cyberado
 vive hitler et zemmours;1;racisme;role_playing_game;cyberado
 wallah toi le babtou  pourquoi tu parles comme les autres ?;1;racisme;role_playing_game;cyberado
 Yanis tu montre a quelle pouint un arabe cest con quelle sous race;1;racisme;role_playing_game;cyberado
"""l'islamophobie"" c'est les musulmans qui veulent empêcher le blasphème.";1;religion;NGO;CONAN
"""l'islamophobie"" c'est un moyen de nous retirer notre liberté d'expression.";1;religion;NGO;CONAN
(en réagissant à une attaque terroriste:) bien sûr encore un blond aux yeux bleus qui s'appelle édouard.;1;religion;NGO;CONAN
(en réagissant à une attaque terroriste:) encore un bouddhiste, et ils veulent nous faire croire que l'islam est une religion de paix et de tolérance.;1;religion;NGO;CONAN
En fin de compte, les musulmans veulent soit nous convertir soit nous tuer.;1;religion;NGO;CONAN
Filles voilées c'est pas bien.;1;religion;NGO;CONAN
Il est permis de discriminer les femmes voilées.;1;religion;NGO;CONAN
Il n'y a pas de place pour les musulmans.;1;religion;NGO;CONAN
Il y a trop de musulmans ici.;1;religion;NGO;CONAN
Je n'ai pas de travail grâce aux musulmans.;1;religion;NGO;CONAN
Je ne veux pas de musulmans dans notre pays.;1;religion;NGO;CONAN
L.es migrants représentent la 5eme colonne.;1;religion;NGO;CONAN
La France est un pays laïc, la pratique de l'Islam devrait être interdite.;1;religion;NGO;CONAN
Le bouddhisme est la religion de la paix et de la tolérance, pas l'islam comme ils ont des terroristes.;1;religion;NGO;CONAN
Le voile dans l'Islam a une signification politique.;1;religion;NGO;CONAN
Le voile est contraire à la laïcité.;1;religion;NGO;CONAN
Le voile est contre la démocratie.;1;religion;NGO;CONAN
Le voile islamique est la démonstration d'un islam politique.;1;religion;NGO;CONAN
Le voile islamique est un assaut pour nous.;1;religion;NGO;CONAN
Le voile islamique est une honte pour nous.;1;religion;NGO;CONAN
Le voile représente l'humeur politique des musulmans.;1;religion;NGO;CONAN
Les enfants musulmans ne sont pas autorisés à manger pendant le ramadan.;1;religion;NGO;CONAN
Les femmes musulmanes ne travaillent pas, elles restent à la maison.;1;religion;NGO;CONAN
Les femmes musulmanes n'ont aucun droit.;1;religion;NGO;CONAN
Les femmes musulmanes restent chez elles.;1;religion;NGO;CONAN
Les femmes musulmanes se renferment avec leur voile, c'est normal qu'on les discrimine.;1;religion;NGO;CONAN
Les femmes musulmanes sont des ménagères.;1;religion;NGO;CONAN
Les femmes musulmanes sont gardées à la maison.;1;religion;NGO;CONAN
Les femmes musulmanes sont toutes mères au foyer.;1;religion;NGO;CONAN
Les femmes sont malheureuses dans l'islam.;1;religion;NGO;CONAN
Les femmes voilées ne peuvent pas travailler, elles sont prisonnières chez elles.;1;religion;NGO;CONAN
Les femmes voilées ne travaillent pas, elles sont enfermées à la maison.;1;religion;NGO;CONAN
Les femmes voilées sont discriminées à cause du voile.;1;religion;NGO;CONAN
Les femmes voilées sont misérables et portent le voile contre leur volonté.;1;religion;NGO;CONAN
Les femmes voilées sont misérables et réprimées.;1;religion;NGO;CONAN
Les femmes voilées sont soumises et obligées de porter le foulard.;1;religion;NGO;CONAN
Les filles musulmanes sont obligées de porter des jupes.;1;religion;NGO;CONAN
Les hommes musulmans sont cruels, les femmes musulmanes sont misérables.;1;religion;NGO;CONAN
Les hommes musulmans sont dangereux, les femmes musulmanes sont supprimées.;1;religion;NGO;CONAN
Les hommes musulmans sont violents, les femmes musulmanes sont soumises.;1;religion;NGO;CONAN
Les migrants minent notre société.;1;religion;NGO;CONAN
Les migrants sont nuisibles à notre société.;1;religion;NGO;CONAN
Les musulmans changent la vie en europe.;1;religion;NGO;CONAN
Les musulmans changent trop sur les marchés alimentaires.;1;religion;NGO;CONAN
Les musulmans conquièrent notre pays.;1;religion;NGO;CONAN
Les musulmans détestent les autres religions.;1;religion;NGO;CONAN
Les musulmans détestent les juifs.;1;religion;NGO;CONAN
Les musulmans détestent quiconque n'est pas musulman.;1;religion;NGO;CONAN
Les musulmans devraient rentrer chez eux.;1;religion;NGO;CONAN
Les musulmans doivent intégrer ou quitter la France!;1;religion;NGO;CONAN
Les musulmans doivent intégrer ou quitter.;1;religion;NGO;CONAN
Les musulmans doivent partir.;1;religion;NGO;CONAN
Les musulmans doivent se convertir ou quitter la France.;1;religion;NGO;CONAN
Les musulmans empêchent les filles de porter des jupes.;1;religion;NGO;CONAN
Les musulmans empêchent les gens de manger pendant le ramadan.;1;religion;NGO;CONAN
Les musulmans exploitent le système français.;1;religion;NGO;CONAN
Les musulmans forcent les gens à jeûner pendant le ramadan.;1;religion;NGO;CONAN
Les musulmans forcent leur enfant à jeûner pendant le ramadan.;1;religion;NGO;CONAN
Les musulmans imposent des règles vestimentaires aux filles.;1;religion;NGO;CONAN
Les musulmans minent notre société.;1;religion;NGO;CONAN
Les musulmans ne changent pas.;1;religion;NGO;CONAN
Les musulmans ne laissent pas les gens s'en prendre à cause du ramadan.;1;religion;NGO;CONAN
Les musulmans ne laissent pas leurs enfants manger pendant le ramadan.;1;religion;NGO;CONAN
Les musulmans ne sont pas décents.;1;religion;NGO;CONAN
Les musulmans ne sont pas dignes de confiance.;1;religion;NGO;CONAN
Les musulmans ne sont pas tolérants aux autres religions.;1;religion;NGO;CONAN
Les musulmans ne sont pas tolérants envers les juifs et les chrétiens.;1;religion;NGO;CONAN
Les musulmans ne sont pas tolérants envers les non-musulmans.;1;religion;NGO;CONAN
Les musulmans n'évoluent pas.;1;religion;NGO;CONAN
Les musulmans nous convertissent ou nous tuent.;1;religion;NGO;CONAN
Les musulmans nous volent notre travail.;1;religion;NGO;CONAN
Les musulmans occupent nos supermarchés.;1;religion;NGO;CONAN
Les musulmans ont envahi nos pays.;1;religion;NGO;CONAN
Les musulmans profitent du système français.;1;religion;NGO;CONAN
Les musulmans sont affreux.;1;religion;NGO;CONAN
Les musulmans sont antisémites.;1;religion;NGO;CONAN
Les musulmans sont de mauvaises personnes.;1;religion;NGO;CONAN
Les musulmans sont des racistes.;1;religion;NGO;CONAN
Les musulmans sont faibles d'esprit.;1;religion;NGO;CONAN
Les musulmans sont faibles.;1;religion;NGO;CONAN
Les musulmans sont sombres.;1;religion;NGO;CONAN
Les musulmans sont tous des racailles.;1;religion;NGO;CONAN
Les musulmans sont tous des terroristes fondamentalistes islamistes salafistes.;1;religion;NGO;CONAN
Les musulmans sont tous des terroristes.;1;religion;NGO;CONAN
Les musulmans sont tous pareils.;1;religion;NGO;CONAN
Les musulmans sont tous violents.;1;religion;NGO;CONAN
Les musulmans utilisent le système français.;1;religion;NGO;CONAN
Les musulmans veulent imposer la sharia en Europe.;1;religion;NGO;CONAN
Les musulmans veulent rendre toute la viande francaise halal.;1;religion;NGO;CONAN
Les musulmans volent nos lieux de travail.;1;religion;NGO;CONAN
Les pays islamiques sont en guerre, ils traînent derrière.;1;religion;NGO;CONAN
Les terroristes sont musulmans.;1;religion;NGO;CONAN
Les valeurs islamiques sont différentes de nos valeurs.;1;religion;NGO;CONAN
L'islam appartient au passé.;1;religion;NGO;CONAN
L'islam crée des problèmes pour notre société.;1;religion;NGO;CONAN
L'islam déteste les chrétiens et les juifs.;1;religion;NGO;CONAN
L'islam déteste les femmes.;1;religion;NGO;CONAN
L'islam encourage les guerres, nous ne devrions pas l'encourager.;1;religion;NGO;CONAN
L'islam est barbare.;1;religion;NGO;CONAN
L'islam est contre les valeurs européennes.;1;religion;NGO;CONAN
L'islam est cruel.;1;religion;NGO;CONAN
L'islam est inférieur en europe.;1;religion;NGO;CONAN
L'islam est inférieur.;1;religion;NGO;CONAN
L'islam est la religion de la guerre, il ne faut pas le laisser.;1;religion;NGO;CONAN
L'islam est la religion de l'obscurantisme.;1;religion;NGO;CONAN
L'islam est mauvais, nous devrions nous en débarrasser.;1;religion;NGO;CONAN
L'islam est une maladie qui devrait être guérie.;1;religion;NGO;CONAN
L'islam est une maladie qui doit être éradiquée.;1;religion;NGO;CONAN
L'islam est une religion de guerre, nous devons tous le combattre.;1;religion;NGO;CONAN
L'islam est une religion incompatible avec les valeurs de la République.;1;religion;NGO;CONAN
L'islam est une religion moyenâgeuse.;1;religion;NGO;CONAN
L'islam est une religion sombre.;1;religion;NGO;CONAN
L'islam et le terrorisme sont des synonymes.;1;religion;NGO;CONAN
L'islam n'appartient pas à l'Europe.;1;religion;NGO;CONAN
L'islam n'appartient pas à notre pays.;1;religion;NGO;CONAN
L'islam n'appartient pas au monde moderne.;1;religion;NGO;CONAN
L'islam ne partage pas nos valeurs républicaines.;1;religion;NGO;CONAN
L'islam n'est pas européen.;1;religion;NGO;CONAN
L'islam n'est pas juste envers les femmes.;1;religion;NGO;CONAN
L'islam n'est pas pour notre république.;1;religion;NGO;CONAN
L'islam nous envahira: c'est l'islamisation.;1;religion;NGO;CONAN
L'islam pose beaucoup de problèmes à notre société.;1;religion;NGO;CONAN
L'islam va à l'encontre des valeurs francaises.;1;religion;NGO;CONAN
L'islamisation est nuisible.;1;religion;NGO;CONAN
L'islamisation est une menace.;1;religion;NGO;CONAN
L'islamophobie c'est bien, l'islam c'est mal.;1;religion;NGO;CONAN
L'islamophobie est bénéfique pour être banni par les musulmans.;1;religion;NGO;CONAN
L'islamophobie est interdite par les musulmans.;1;religion;NGO;CONAN
L'islamophobie est un droit. Combattre l'islam est un devoir.;1;religion;NGO;CONAN
Musulman mène aux guerres, ce n'est pas une religion progressiste.;1;religion;NGO;CONAN
Musulmans imposent leurs règles en europe.;1;religion;NGO;CONAN
Musulmans, partez!;1;religion;NGO;CONAN
Musulmans: retournez dans votre pays.;1;religion;NGO;CONAN
Notre liberté de parole devrait nous permettre de mal parler des musulmans.;1;religion;NGO;CONAN
Nous devrions bannir l'islam de notre pays.;1;religion;NGO;CONAN
Nous ne devrions pas laisser le voile sur nos filles.;1;religion;NGO;CONAN
Nous ne devrions pas nous décourager de l'islamophobie.;1;religion;NGO;CONAN
Nous voyons de plus en plus un problème musulman.;1;religion;NGO;CONAN
On ne peut pas faire confiance aux musulmans c'est tous des escrocs.;1;religion;NGO;CONAN
On voudrait nous faire croire que c'est normal, bientôt nos petites filles voilées.;1;religion;NGO;CONAN
Quand il y a un crime, musulmans sont à blâmer.;1;religion;NGO;CONAN
Si l'islam est une religion moderne, pourquoi est ce que tous les pays musulmans sont arriérés et/ou en guerre?;1;religion;NGO;CONAN
Soyons islamophobes et combattons l'islam.;1;religion;NGO;CONAN
Ton voile est une agression contre moi.;1;religion;NGO;CONAN
Tous les musulmans sont cruels.;1;religion;NGO;CONAN
Tous les musulmans sont des criminels.;1;religion;NGO;CONAN
Tous les musulmans sont des terroristes radicaux.;1;religion;NGO;CONAN
Tous les terracts sont commis par des musulmans, pas par des européens.;1;religion;NGO;CONAN
Vous ne devriez pas croire les musulmans.;1;religion;NGO;CONAN
Vous pouvez deviner l'apparition d'un terroriste.;1;religion;NGO;CONAN
 fais pas des blagues sur l'eglise dieu il a cree adam et eve tu leches des filles t'as pas honte;1;religion;role_playing_game;cyberado
 fatimah on va t'enfoncer ton voile dans le cul;1;religion;role_playing_game;cyberado
 la prochaine fois tu mettra un voile comme t es parents au lieu de nous faire cvhier;1;religion;role_playing_game;cyberado
 les musulmans mangent pas de porcs c'est les porcs qui mangent des musulmans;1;religion;role_playing_game;cyberado
 on te brule toi a leglise;1;religion;role_playing_game;cyberado
 oooooooh fatima retourne faire ton  ramadan a la con ça te fera pas de mal;1;religion;role_playing_game;cyberado
 jte prend un billet aussi au passage ? oublie pas ton voile;1;religion;role_playing_game;cyberado
 Moussa bz ta mere la voiler;1;religion;role_playing_game;cyberado
 olalala insulte volée à ta mère;1;religion;role_playing_game;cyberado
 ta daronne la voilé amine;1;religion;role_playing_game;cyberado
  Que des putes moi je suis avec toi Brice;1;sexisme;role_playing_game;cyberado
 apprends à parler déjà grosse conne;1;sexisme;role_playing_game;cyberado
 assume que t gouine c tout grosse pute va;1;sexisme;role_playing_game;cyberado
 Au David fais pas le fou Jvais enculer bien sagement toi et ta pute de famille donc mtn tu supprime avant que jte soulève devant t p’tits camarades;1;sexisme;role_playing_game;cyberado
 baiser vous bande de putes;1;sexisme;role_playing_game;cyberado
 bande de fils de pute;1;sexisme;role_playing_game;cyberado
 bande de gouines;1;sexisme;role_playing_game;cyberado
 bande de pute va mais grave elle vont voir;1;sexisme;role_playing_game;cyberado
 bande de sombre pute lucas arrete de faire le beau avec ta petite bite;1;sexisme;role_playing_game;cyberado
 bandes de putes;1;sexisme;role_playing_game;cyberado
 bien ditt C'est beaucoup plus beau une fille avec des formes et des kilos en trop qu'une personne plate qui ressemble a une planche a pain bande de pute;1;sexisme;role_playing_game;cyberado
 bref venais on les vire de la classe c'est grosse crasseuse ;1;sexisme;role_playing_game;cyberado
 c ca allez ciao les gosses putes;1;sexisme;role_playing_game;cyberado
 c oi la pute et tu m parle pas comme ca ;1;sexisme;role_playing_game;cyberado
 c toi ta un problème grosse pute;1;sexisme;role_playing_game;cyberado
 c'est quoi le rapport entre être gouine et être une pute ?;1;sexisme;role_playing_game;cyberado
 C'est votre pote la pute ici;1;sexisme;role_playing_game;cyberado
 cette pute la marrave ;1;sexisme;role_playing_game;cyberado
 comptable de pute entre ta mere et toi;1;sexisme;role_playing_game;cyberado
 en ft t'es une grosse pute c'est ça que je dois comprendre;1;sexisme;role_playing_game;cyberado
 Et toi fils de pute;1;sexisme;role_playing_game;cyberado
 et toi retourne en enfer sal epute de julie ;1;sexisme;role_playing_game;cyberado
 fatima t une grosse pute a part envoyez des nudes tu f rien;1;sexisme;role_playing_game;cyberado
 ftg c toi la gouine tu parle avec nous sombre pute wallah t ki;1;sexisme;role_playing_game;cyberado
 ftg grosse salope;1;sexisme;role_playing_game;cyberado
 gros fils de pute vive Hollande;1;sexisme;role_playing_game;cyberado
 grosse pute va;1;sexisme;role_playing_game;cyberado
 habille toi vite grosse p***;1;sexisme;role_playing_game;cyberado
 hey quand y a une pute faut faire profiter!;1;sexisme;role_playing_game;cyberado
 il m envoie pas au bar a pute comme toi;1;sexisme;role_playing_game;cyberado
 j prefere faire la manche que la pute comme ta mere;1;sexisme;role_playing_game;cyberado
 j'ai juste un pblm avec les putes de ton espèce et les mythos;1;sexisme;role_playing_game;cyberado
 j'aime les grosse salpe;1;sexisme;role_playing_game;cyberado
 je vais te niquer fils de pute nique zemmour;1;sexisme;role_playing_game;cyberado
 je vais te niquer ta darone la pute;1;sexisme;role_playing_game;cyberado
 JSUIS UBNE FOLLE MOI TA MERE LA PUTEEEEEEEEEEEEEEEEEEEEEEEEEEEEEEEEEEEEEEEEEEEEE;1;sexisme;role_playing_game;cyberado
 julie elle est un peu trop à l'aise avce les bangalas;1;sexisme;role_playing_game;cyberado
 ké fustré et retourne chez tra grande tante la grosse pute ;1;sexisme;role_playing_game;cyberado
 le con de tes mortttttttt soan t une pute tfacon t la plus gross victime;1;sexisme;role_playing_game;cyberado
 mais assume grosse pute;1;sexisme;role_playing_game;cyberado
 mais cest des gouines ;1;sexisme;role_playing_game;cyberado
 mais gros lol cquoi ton pb va te pendre sal pute;1;sexisme;role_playing_game;cyberado
 mais grosse salope d'où tu me parles?;1;sexisme;role_playing_game;cyberado
 nempeche ca se fait pas  digne d'une pute;1;sexisme;role_playing_game;cyberado
 oe ta raison c la plus grosse des pute;1;sexisme;role_playing_game;cyberado
 oh Diana tu parles trop tu fais de la peine p’tite pute;1;sexisme;role_playing_game;cyberado
 on dit que la vérité grosse pute;1;sexisme;role_playing_game;cyberado
 on sais qtes folle sale pute;1;sexisme;role_playing_game;cyberado
 ouais c ca la pute;1;sexisme;role_playing_game;cyberado
 parceque t une pute qui les chauffe et qui les paie ;1;sexisme;role_playing_game;cyberado
 plus que toi en tant que pute;1;sexisme;role_playing_game;cyberado
 pute et gouine cla meme;1;sexisme;role_playing_game;cyberado
 qu'est qu'elle a l'autre rousse? tu défend les putes;1;sexisme;role_playing_game;cyberado
 rien a foutre PAS DE GOUINE ICI;1;sexisme;role_playing_game;cyberado
 sa fammille de pute;1;sexisme;role_playing_game;cyberado
 sa ser a rien de le défendre t qune pute assumee suceuse;1;sexisme;role_playing_game;cyberado
 si il est mort c est de tas faute parce que t une grosse pute;1;sexisme;role_playing_game;cyberado
 si tu veux être une pute personne t'oblige a lire;1;sexisme;role_playing_game;cyberado
 Silvia t'es pire qu'une pute;1;sexisme;role_playing_game;cyberado
 Soan ptite pute Soan arrete de pomper a tout va;1;sexisme;role_playing_game;cyberado
 ssale pute  tu vend meme pas ton corps taime ca ;1;sexisme;role_playing_game;cyberado
 t as vu ce que t as fait a la soiré sale pute;1;sexisme;role_playing_game;cyberado
 t kune pute;1;sexisme;role_playing_game;cyberado
 ta grosse mere la pute je vais tenculer dans ton berceau tume connaispas moi;1;sexisme;role_playing_game;cyberado
 ta mere la pute a manger des chips;1;sexisme;role_playing_game;cyberado
 ta mere la reine des putes;1;sexisme;role_playing_game;cyberado
 t'as de la chance c le ramadan sinon je t'aurait enculé toi et tt tes morts de fils de pute;1;sexisme;role_playing_game;cyberado
 tes une petite pute toi;1;sexisme;role_playing_game;cyberado
 t'es une pute et tu resteras toujours une pute;1;sexisme;role_playing_game;cyberado
 t'es une pute qui n'arrive pas a trouver de mec ;1;sexisme;role_playing_game;cyberado
 t'es une pute t'as trahi ta camarde;1;sexisme;role_playing_game;cyberado
 tete qu'elle a parle ps avk moi grosse pute;1;sexisme;role_playing_game;cyberado
 tg petasse;1;sexisme;role_playing_game;cyberado
 tg saloppe;1;sexisme;role_playing_game;cyberado
 tgl toi meme pute;1;sexisme;role_playing_game;cyberado
 toi nike ta mere sallle pute;1;sexisme;role_playing_game;cyberado
 toujours etait une pute de mere en fille;1;sexisme;role_playing_game;cyberado
 tu comprends sale pute ;1;sexisme;role_playing_game;cyberado
 tu la connais meme pas sale pute;1;sexisme;role_playing_game;cyberado
 tu vois c'est toi la pute maintenant nicolas;1;sexisme;role_playing_game;cyberado
 Va baiser ta mère sale fils de pute;1;sexisme;role_playing_game;cyberado
 va tfaire cuire le cul julie;1;sexisme;role_playing_game;cyberado
 vas-y grosse pute. tu te sens mal maintenant enfin ;1;sexisme;role_playing_game;cyberado
 Vazy Fatimah avec ton henné là on croirait tu t'es doigtée qd t'avais tes règles srx;1;sexisme;role_playing_game;cyberado
 vien sucer grosse pute;1;sexisme;role_playing_game;cyberado
 vous êtes tous mes putes;1;sexisme;role_playing_game;cyberado
 wallah tg keske tu ouvre ta bouche de suceuse;1;sexisme;role_playing_game;cyberado
  bah ecartons les cuisses enseble ! ta l'air d'aimer ca;1;sexisme;role_playing_game;cyberado
 adrien je vais doucement dans le cul de ta daronne;1;sexisme;role_playing_game;cyberado
 ah mais nan c'est vrai t'aimes te faire péter le cul j'avais oublié;1;sexisme;role_playing_game;cyberado
 ah ouais bah faites gaffe a lisa pk c'est un tunnel;1;sexisme;role_playing_game;cyberado
 alors maintenant dégage et va réviser tes cours pétasse;1;sexisme;role_playing_game;cyberado
 Alors pk tu le suce tous les soir;1;sexisme;role_playing_game;cyberado
 apprend a écrire connasse;1;sexisme;role_playing_game;cyberado
 arreté bande de conne vous avez cas travaillé ;1;sexisme;role_playing_game;cyberado
 bah tes une salope en faite;1;sexisme;role_playing_game;cyberado
 bien fait xD c'est toi tes sale jsuis sure qtu suces  la chatte de ta mere ;1;sexisme;role_playing_game;cyberado
 bon toutes les meuf qui se suce entre eux vivement la peine de mort pour vous;1;sexisme;role_playing_game;cyberado
 ces ton pere qui la pomper comme toi avec les mecs!!!!!!!!!!!!!!!!;1;sexisme;role_playing_game;cyberado
 c'est mes morts qui te sucent julie;1;sexisme;role_playing_game;cyberado
 comme la femme qui lave mes chiottes;1;sexisme;role_playing_game;cyberado
 cul de crasseuse;1;sexisme;role_playing_game;cyberado
 dans ta chatte ya 3-4 gangs de mst questu parles;1;sexisme;role_playing_game;cyberado
 ecpece d'usine a bite;1;sexisme;role_playing_game;cyberado
 elle a aucun respect cette crasseuse;1;sexisme;role_playing_game;cyberado
 elle a bien du avaler celle la;1;sexisme;role_playing_game;cyberado
 elle au moin elle est pas conne comme vous bande de poufiasse;1;sexisme;role_playing_game;cyberado
 elle l'autre serbe elle a ouvert les jalbrs jambes;1;sexisme;role_playing_game;cyberado
 elle le fait deja ça sucer les profs;1;sexisme;role_playing_game;cyberado
 en faite cherchez pas silvia elle veux SE FAIRE BAISER PAR TT LE MONDE;1;sexisme;role_playing_game;cyberado
 En plus d'etre une  aguicheusse de merde tu es une menteuse ;1;sexisme;role_playing_game;cyberado
 les merguez t'en prends pas que dans la bouche;1;sexisme;role_playing_game;cyberado
 exactement stv on te fait un cour crasseuse;1;sexisme;role_playing_game;cyberado
 façon j'veux ps d'une crasseuse comme toi;1;sexisme;role_playing_game;cyberado
 ferme la marjorie t'es  qu'une poufiasse sans cervelle;1;sexisme;role_playing_game;cyberado
 jen profiterai pour te baiser;1;sexisme;role_playing_game;cyberado
 la bite dans la bouche depuis tout à l'heure;1;sexisme;role_playing_game;cyberado
 La vie de ma mère ferme bien ta gueule au lieu d'écarter les cuisses;1;sexisme;role_playing_game;cyberado
 le droit de faire la cuisine;1;sexisme;role_playing_game;cyberado
 lvdm assume saliope;1;sexisme;role_playing_game;cyberado
 mais assumer vous degouter bande de crasseuse;1;sexisme;role_playing_game;cyberado
 mais lisa laisse tomber la meuf c'est SIDA ebola tétanos tt ce que tu veux;1;sexisme;role_playing_game;cyberado
 mais mdrr pauline elle a tourné dans toute la france;1;sexisme;role_playing_game;cyberado
 moi jai enculé ta darronne la salope;1;sexisme;role_playing_game;cyberado
 pauline: quand on est une suceuse;1;sexisme;role_playing_game;cyberado
 pour de vrai c'est une salope ;1;sexisme;role_playing_game;cyberado
 t es un vrai sac  à foutre;1;sexisme;role_playing_game;cyberado
 t’as pas le droit a la parole femme arrete de parler hebert;1;sexisme;role_playing_game;cyberado
 ta manger trop de bite;1;sexisme;role_playing_game;cyberado